accuracy,precision,recall,f1_score
0.7002401994338318,0.9350547897175437,0.7149132294853023,0.9290190744776763
0.7533355809836051,0.9364524148994535,0.7752262647524751,0.7943475674145419
0.8718917173745764,0.8159936136874644,0.7756450658121585,0.8666597027234015
0.9023808729965326,0.938180485079214,0.8360402363860722,0.945002581803936
0.8109515422404174,0.8831813510034702,0.8537195158097848,0.7619279141439308
