accuracy,precision,recall,f1_score
0.7918131849366645,0.7020321365893849,0.8728102475270887,0.8728902049176366
0.8810805239682626,0.7131196098133603,0.731317755593291,0.9438778908969465
0.7545571596243699,0.7886350691699264,0.8453796343767257,0.8186827359944691
0.8428071622177403,0.9095278919679931,0.7585266499825722,0.818495735188719
0.9022609967126134,0.7417649825032371,0.9403585555933303,0.9127827107542359
